question_id,gt_chunk_hash,gt_chunk_preview,configs_hit,configs_total,category
0,066f581e92cb,"Lotus Technology is currently building, and expects to continue to develop, its headquarters in Wuha",9,9,universally_retrieved
0,1d4fd4231d70,"In October 2023, Lotus Technology's wholly foreign-owned enterprise (WFOE) pledged the land use righ",9,9,universally_retrieved
0,407d881c83a5,Lotus Technology's research and development efforts are focusing on the development of key electric ,9,9,universally_retrieved
0,4e408f74c349,See “Risk Factors    —    Risks Relating to Our Securities    —    As a company incorporated in the ,9,9,universally_retrieved
0,73ccf536610c,Lotus Technology has a dedicated global team to support its R&D activities with a sizable scale and ,9,9,universally_retrieved
0,f3f889e235ac,"In October 2023, Lotus Technology's wholly foreign-owned enterprise (WFOE) pledged the land use righ",9,9,universally_retrieved
0,fd5749e4fa3c,Lotus Technology Company (LTC) was incorporated as an exempted company in accordance with the laws a,9,9,universally_retrieved
1,04327b3ab66f,This prospectus supplement updates and supplements the information in the Prospectus and is not comp,9,9,universally_retrieved
1,187d78c479c6,The equity interests of Lotus Tech UK and Lotus GmbH were transferred to Lotus Technology Corporatio,9,9,universally_retrieved
1,229399472939,Lotus Technology is an exempted company incorporated in the Cayman Islands and listed on Nasdaq as a,8,9,conditional
1,285e606966a2,Each ADS holder and beneficial owner shall comply with Lotus Technology's requests pursuant to Cayma,3,9,conditional
1,324bfab8b3f6,This prospectus supplement updates and supplements the information in the Prospectus and is not comp,9,9,universally_retrieved
1,4e408f74c349,See “Risk Factors    —    Risks Relating to Our Securities    —    As a company incorporated in the ,9,9,universally_retrieved
1,7fad10a0b137,or (iii) Lotus Technology's business is administered principally in the U.S. If Lotus Technology los,0,9,universally_missed
1,8f27bf91d984,"By: /s/ Alexious Kuen Long Lee  
Name: Alexious Kuen Long Lee  
Title: Director and Chief Financial ",3,9,conditional
1,a29739933341,Disclosure of Interests Each ADS holder and beneficial owner shall comply with Lotus Technology's re,3,9,conditional
1,a74722310b8b,"However, the information that Lotus Technology is required to file with or furnish to the SEC will b",8,9,conditional
1,ab4bda2454c9,"means NASDAQ, NYSE, or any other internationally recognized stock exchange on which any securities o",9,9,universally_retrieved
1,b0062e1d6e67,Lotus Technology Inc. has acted as Cayman Islands legal advisers to Lotus Technology Inc. (the “Comp,3,9,conditional
1,b04f144c6461,This prospectus supplement updates and supplements the information in the Prospectus and is not comp,9,9,universally_retrieved
1,cdc65088c727,Lotus Technology's ADSs and Warrants are currently listed on Nasdaq under the symbols “LOT” and “LOT,9,9,universally_retrieved
1,d97de0366f62,and ● the selective disclosure rules by issuers of material nonpublic information under Regulation F,3,9,conditional
1,e2f1dd138c63,This prospectus supplement updates and supplements the information in the Prospectus and is not comp,9,9,universally_retrieved
1,ee127fd19640,This prospectus supplement updates and supplements the information in the Prospectus and is not comp,9,9,universally_retrieved
1,f3f889e235ac,"In October 2023, Lotus Technology's wholly foreign-owned enterprise (WFOE) pledged the land use righ",8,9,conditional
1,fbcd8da85f71,"● this prospectus, in final form, shall have been filed with the SEC under the Securities Act, and a",4,9,conditional
1,fd5749e4fa3c,Lotus Technology Company (LTC) was incorporated as an exempted company in accordance with the laws a,9,9,universally_retrieved
2,20ac17fffd1d,"This prospectus relates to the issuance by Lotus Technology of up to 15,037,030 American depositary ",9,9,universally_retrieved
2,36306c0cf41f,"Up to 680,957,495 American Depositary Shares (ADSs) are offered by the Selling Securityholders, whic",9,9,universally_retrieved
2,498b1cd1bfdc,"(1) the issue and sale to Westwood Capital Group LLC (the “Investor”) of up to US$350,000,000 in agg",9,9,universally_retrieved
2,4c26318aa4d1,"ADSs issuable upon exercise of all Warrants. 15,037,030 American Depositary Shares (ADSs). Use of Pr",4,9,conditional
2,a64827d34a4e,The summary below describes the principal terms of the offering. The “Description of Share Capital” ,9,9,universally_retrieved
2,b345c7961818,"(1) Pursuant to Rule 416(a) under the Securities Act, this Registration Statement shall also cover a",9,9,universally_retrieved
3,07632b971ec1,"Lotus Technology Inc. (“the Company”), an exempted company with limited liability, was incorporated ",9,9,universally_retrieved
3,2076d804fbb0,Lotus Technology is a leading global intelligent and luxury mobility provider that designs and devel,9,9,universally_retrieved
3,3e3cf1906f0c,"Lotus Technology has a limited operating history, and its ability to develop, manufacture, and deliv",9,9,universally_retrieved
3,420603bd49c1,the Joint Venture Agreement of Lotus Company between the Transferor and the Transferee “Business” Th,9,9,universally_retrieved
3,5fac497e8f83,Sales of goods. Lotus Technology generates revenues by providing the following products: ● Battery E,9,9,universally_retrieved
3,65ea2f337b31,Lotus Technology is a leading global intelligent and luxury mobility provider that designs and devel,9,9,universally_retrieved
3,82ee202e8360,"Lotus Technology Inc. has operations across the UK, the EU, and China. The company is dedicated to d",9,9,universally_retrieved
3,adea3ae2ced2,"Lotus Technology Inc. (“the Company”), an exempted company with limited liability, was incorporated ",7,9,conditional
3,c936f93cd552,Services. Lotus Technology generates revenues mainly by providing automotive design and development ,9,9,universally_retrieved
3,dc8043cba82e,Lotus Technology is a pioneering luxury battery electric vehicle (BEV) maker that designs and develo,9,9,universally_retrieved
3,e7757881d60c,"As of June 30, 2024, Lotus Technology had 207 stores in its global distribution network. Major vehic",9,9,universally_retrieved
3,f997157fd90d,Lotus Technology is in the process of transforming from a British sports car company to a global pio,9,9,universally_retrieved
4,03b449d766e0,Lotus Technology believes that its close relationship with Geely Holding provides the company with a,9,9,universally_retrieved
4,2076d804fbb0,Lotus Technology is a leading global intelligent and luxury mobility provider that designs and devel,9,9,universally_retrieved
4,65ea2f337b31,Lotus Technology is a leading global intelligent and luxury mobility provider that designs and devel,9,9,universally_retrieved
4,93f7fb21d104,"On November 11, 2021, Lotus Technology issued 95,990,886 ordinary shares to Lotus Technology Interna",3,9,conditional
4,da7ebf554305,Lotus Technology's global sales digital platform provides a full suite of luxury retailing experienc,9,9,universally_retrieved
4,dc8043cba82e,Lotus Technology is a pioneering luxury battery electric vehicle (BEV) maker that designs and develo,9,9,universally_retrieved
4,ea7e31596d7e,Master Distribution Agreement with Lotus UK Pursuant to the Distribution Agreement entered into by a,9,9,universally_retrieved
5,03b449d766e0,Lotus Technology believes that its close relationship with Geely Holding provides the company with a,9,9,universally_retrieved
5,2076d804fbb0,Lotus Technology is a leading global intelligent and luxury mobility provider that designs and devel,9,9,universally_retrieved
5,3e5ed044b3db,"These related party agreements include the Technology License Agreement, the Manufacture Cooperation",9,9,universally_retrieved
5,64911ed64385,Lotus Technology views the manufacturers and suppliers it collaborates with as key partners througho,9,9,universally_retrieved
5,731e23b4c87c,"There is a risk of potential disputes with Geely Holding, and Lotus Technology could be affected by ",9,9,universally_retrieved
5,82d27365b814,"These related party agreements include the Technology License Agreement, the Manufacture Cooperation",9,9,universally_retrieved
5,93438ee5939f,Lotus Technology seeks to partner with reputable suppliers. Lotus Technology leverages the Geely Hol,9,9,universally_retrieved
5,c6e8acd40fc2,路特斯科技与吉利汽车的关系：（1）吉利汽车（Geely Auto）和路特斯科技（Lotus Technology）属于同一实际控制人。吉利汽车（Geely Auto）约75%的股份由李书福最终实际控制,0,9,universally_missed
6,187d78c479c6,The equity interests of Lotus Tech UK and Lotus GmbH were transferred to Lotus Technology Corporatio,9,9,universally_retrieved
6,72295dd4f1c7,"[Table Level]
- Table Title: Ownership Structure of Shares Outstanding
- Table Summary: This table o",9,9,universally_retrieved
6,7327087465a8,"The following diagram illustrates Lotus Technology Corporation's corporate structure, including its ",9,9,universally_retrieved
6,93f7fb21d104,"On November 11, 2021, Lotus Technology issued 95,990,886 ordinary shares to Lotus Technology Interna",9,9,universally_retrieved
6,a2fbe84ee8c2,"Concurrent with the execution of the Merger Agreement, Lotus Technology, the Sponsor, certain shareh",9,9,universally_retrieved
6,d0f01803fd7d,"On November 4, 2021, Lotus Technology entered into trademark license agreements with a related party",9,9,universally_retrieved
6,eb1993673666,"*[Table Level]
- Table Title: Ownership of Ordinary Shares by Directors, Executive Officers, and 5.0",4,9,conditional
7,0861ad019af4,"In addition to the fully digitalized online retail model supported by the Lotus App, Lotus Technolog",9,9,universally_retrieved
7,10fbf70597bf,Lotus Technology and Lotus UK have entered into a Distribution Agreement pursuant to which a subsidi,9,9,universally_retrieved
7,2dbf5f753745,"As of June 30, 2024, Lotus Technology had 207 stores in its global distribution network, and it plan",9,9,universally_retrieved
7,352631429431,"As such, Lotus Technology has established a Global Commercial Platform to distribute Lotus branded v",9,9,universally_retrieved
7,4b88714ae3c9,Lotus Technology and Lotus UK have entered into the Distribution Agreement pursuant to which a subsi,9,9,universally_retrieved
7,7a1b0ade55fb,Deliveries of lifestyle vehicles saw a remarkable 126% year-on-year increase in the first nine month,4,9,conditional
7,ac4ceb1766dc,Lotus UK has developed a Global Commercial Platform for the sales and distribution of its vehicles a,9,9,universally_retrieved
7,b0a0e60341a9,The Distribution Agreement also provides that each year Lotus Technology and Lotus UK will prepare b,4,9,conditional
7,b786065d0a52,"In 2023 and the six months ended June 30, 2024, Lotus Technology delivered a total of 6,970 and 4,87",9,9,universally_retrieved
7,bf09594c9548,"New York – November 12, 2024 – Lotus Technology Inc. (“Lotus” or the “Company”), a leading global in",9,9,universally_retrieved
7,d007daea4f0e,"How is the company's overseas expansion situation?As a legendary brand with a history of 76 years, L",9,9,universally_retrieved
7,d82602abc297,"Lotus has achieved a global milestone with over 100,000 registered drivers participating in events w",9,9,universally_retrieved
7,f6a48a27b77c,"In addition to the fully digitalized online retail model supported by the Lotus App, Lotus Technolog",9,9,universally_retrieved
8,0a38e8ff8494,"Recently, there have been heightened tensions in international relations, particularly between the U",9,9,universally_retrieved
8,11b4cafee5e0,"In January 2020, the “Phase One” agreement was signed between the U.S. and China on trade matters. H",9,9,universally_retrieved
8,237e0a4f3776,How will the company face the tariffs imposed by the EU and the US?Lotus Technology will adjust prod,9,9,universally_retrieved
8,2dfccbc336fe,According to the PRC Enterprise Income Tax Law promulgated by the Standing Committee of the National,2,9,conditional
8,44d858afe1e5,"Recently, there have been heightened tensions in international relations, particularly between the U",8,9,conditional
8,4cd67e75d7f9,"In Germany, the maximum applicable income tax rate for corporation tax is 15.825% for the six months",3,9,conditional
8,9a969d67deb7,Such increased regulatory burdens and competition may limit the available market for Lotus Technolog,9,9,universally_retrieved
8,b72e02165043,"● changes in diplomatic and trade relationships, including political risk and customer perceptions b",9,9,universally_retrieved
8,b7ef0379e7ea,"Lotus Technology's subsidiaries in the U.K., Netherlands, and Germany are subject to value added tax",9,9,universally_retrieved
8,c06799b98511,"However, it remains unclear what additional actions, if any, will be taken by the U.S. or other gove",9,9,universally_retrieved
8,c6a6d574bc78,Lotus Technology may also face local protectionism in some of its target markets that could hinder t,9,9,universally_retrieved
8,c9c2a23fdf0c,"[Table Level]
- Table Title: Maximum Applicable Income Tax Rates in Key Countries
- Table Summary: T",6,9,conditional
8,d00b7cfbcd99,"At this point, no such rules have been proposed, but future regulatory changes in this regard could ",9,9,universally_retrieved
8,f03543c2b47f,Dividends paid to non-PRC-resident corporate investors from profits earned by the PRC subsidiaries a,1,9,conditional
10,10fbf70597bf,Lotus Technology and Lotus UK have entered into a Distribution Agreement pursuant to which a subsidi,8,9,conditional
10,1d163a2ecfb1,"[Table Level]
- Table Title: Vehicle Deliveries by Model Type and Region for 1H 2024
- Table Summary",9,9,universally_retrieved
10,1dfe2452f016,Invest in brand equity and fully transform the brand. Leveraging Lotus Technology's brand racing her,2,9,conditional
10,2dbf5f753745,"As of June 30, 2024, Lotus Technology had 207 stores in its global distribution network, and it plan",9,9,universally_retrieved
10,3195d6c089d3,"What is Lotus Technology's future guidance?Lotus Technology's annual delivery target is 12,000 units",9,9,universally_retrieved
10,7ad984fa3c5d,"For more detailed information, see “Risk Factors   —   Risks Relating to Doing Business in China   —",9,9,universally_retrieved
10,86a606768adb,How was Lotus Technology's performance in the first half of the year? Total revenue for the first ha,9,9,universally_retrieved
10,bf09594c9548,"New York – November 12, 2024 – Lotus Technology Inc. (“Lotus” or the “Company”), a leading global in",9,9,universally_retrieved
10,f310996246ee,"In the first nine months of 2024, Lotus Technology achieved total deliveries of 7,617 units, represe",9,9,universally_retrieved
11,6dcc0afa2948,"In the first nine months of 2024, Lotus achieved a 105% year-on-year increase in topline growth, att",9,9,universally_retrieved
11,70f345de2888,"As a result of the foregoing, Lotus Technology's gross profits increased from US$2.3 million for the",9,9,universally_retrieved
11,86a606768adb,How was Lotus Technology's performance in the first half of the year? Total revenue for the first ha,9,9,universally_retrieved
11,8d7c5101f13e,"[Table Level]
- Table Title: Gross Profit and Gross Margin Overview
- Table Summary: The table prese",6,9,conditional
11,d82d19b3c4cd,"As a result of the foregoing, Lotus Technology's gross profits increased from US$6.1 million for the",9,9,universally_retrieved
12,3195d6c089d3,"What is Lotus Technology's future guidance?Lotus Technology's annual delivery target is 12,000 units",9,9,universally_retrieved
12,81fe43ca23bb,"Over 7,600 vehicles were delivered in the first nine months of 2024, a year-on-year increase of 136%",8,9,conditional
12,86a606768adb,How was Lotus Technology's performance in the first half of the year? Total revenue for the first ha,7,9,conditional
12,bf09594c9548,"New York – November 12, 2024 – Lotus Technology Inc. (“Lotus” or the “Company”), a leading global in",9,9,universally_retrieved
12,dc5da2e50626,What is the reason for the company's sales forecast adjustment?Based on Lotus Technology's prudent a,6,9,conditional
13,2c1f93d22457,Lotus Technology's future profitability depends on its ability to develop its vehicles in a cost-eff,9,9,universally_retrieved
13,3a997934a0ba,Lotus Technology believes that continued investments in technologies are critical to establishing ma,9,9,universally_retrieved
13,4a3f842a1680,"● The automotive market is highly competitive, and Lotus Technology may not be successful in competi",9,9,universally_retrieved
13,5e338d886ae0,"● Lotus Technology has a limited operating history, and its ability to develop, manufacture, and del",9,9,universally_retrieved
13,636278f53b61,Lotus Technology may not generate sufficient revenues and may incur substantial losses for a number ,9,9,universally_retrieved
13,731bed1e96c0,"If Lotus Technology does not effectively manage its cash and other liquid financial assets, execute ",9,9,universally_retrieved
13,a7573aa51d27,Lotus Technology may not generate sufficient revenues and may incur substantial losses for a number ,9,9,universally_retrieved
13,c49f126593b2,Lotus Technology has not been profitable since its inception. The company incurred a net loss of US\,9,9,universally_retrieved
13,df48851b9d3a,Lotus Technology may be unable to adequately control the costs associated with its operations. Lotus,9,9,universally_retrieved
14,368e591aec41,"Lotus Technology brings customers a luxury retailing experience through a digital-first, omni-channe",9,9,universally_retrieved
14,68dfd0925047,"Over the past 75 years, the user profile of Lotus is car fan who loves car culture and focuses on dr",9,9,universally_retrieved
14,732e9c0680f7,"[Table Level]
- Table Title: Calculation of Filing Fee Table
- Table Summary: This table specifies t",3,9,conditional
14,82ee202e8360,"Lotus Technology Inc. has operations across the UK, the EU, and China. The company is dedicated to d",6,9,conditional
14,855000a914af,"Lotus Technology brings customers a luxury retailing experience through a digital-first, omni-channe",9,9,universally_retrieved
14,85bf25ad0836,Lotus Technology prioritizes the trust of its customers and employees and places great emphasis on s,9,9,universally_retrieved
15,1d163a2ecfb1,"[Table Level]
- Table Title: Vehicle Deliveries by Model Type and Region for 1H 2024
- Table Summary",6,9,conditional
15,81fe43ca23bb,"Over 7,600 vehicles were delivered in the first nine months of 2024, a year-on-year increase of 136%",7,9,conditional
15,8aefde03952f,"New York – Oct 17, 2024 – Lotus Technology Inc. (“Lotus” or the “Company”), a leading global intelli",9,9,universally_retrieved
15,93ab470aa9fc,"Lotus Technology currently provides 4 products to the market through 200 stores around the world, 2 ",9,9,universally_retrieved
15,bf09594c9548,"New York – November 12, 2024 – Lotus Technology Inc. (“Lotus” or the “Company”), a leading global in",9,9,universally_retrieved
16,1ea8704b1410,Lotus Technology's ability to execute effective marketing and attract orders Lotus Technology's resu,9,9,universally_retrieved
16,352631429431,"As such, Lotus Technology has established a Global Commercial Platform to distribute Lotus branded v",9,9,universally_retrieved
16,b0062e1d6e67,Lotus Technology Inc. has acted as Cayman Islands legal advisers to Lotus Technology Inc. (the “Comp,3,9,conditional
16,b786065d0a52,"In 2023 and the six months ended June 30, 2024, Lotus Technology delivered a total of 6,970 and 4,87",9,9,universally_retrieved
16,cc2c0661eb4c,"[Table Level]
- Table Title: Employee Allocation by Function
- Table Summary: The table shows the di",9,9,universally_retrieved
17,1ea8704b1410,Lotus Technology's ability to execute effective marketing and attract orders Lotus Technology's resu,9,9,universally_retrieved
17,3db41defa7d0,"During the years ended December 31, 2022 and 2021, Lotus Technology recognized government grants of ",9,9,universally_retrieved
17,7b12e521d437,"As a result of the foregoing, Lotus Technology's gross profits increased from US$6.1 million for the",0,9,universally_missed
17,8f05da39b4a3,"[Table Level]
- Table Title: Employee Allocation by Function
- Table Summary: The table shows the di",0,9,universally_missed
17,a4ed3b2c2311,"Guided by Lotus Technology's R&D leaders, the global research and development team has extensive exp",9,9,universally_retrieved
17,cc2c0661eb4c,"[Table Level]
- Table Title: Employee Allocation by Function
- Table Summary: The table shows the di",7,9,conditional
18,04f4ef7eabf3,Lotus Technology believes it benefits from a number of competitive advantages: ● Early mover in the ,9,9,universally_retrieved
18,1dfe2452f016,Invest in brand equity and fully transform the brand. Leveraging Lotus Technology's brand racing her,9,9,universally_retrieved
18,2add8380f0e1,Lotus Technology believes it benefits from a number of competitive advantages: ● Early mover in the ,9,9,universally_retrieved
18,2af3bfd0a3ea,Lotus Technology believes it benefits from a number of competitive advantages: Early mover in the lu,9,9,universally_retrieved
18,7b035617d9e0,Lotus Technology believes it benefits from a number of competitive advantages: Early mover in the lu,5,9,conditional
18,91f43ca280a1,"Since its inception, Team Lotus has won multiple Formula 1 championships, including 6 “FIA Formula 1",6,9,conditional
18,96e84fa065e3,"Additionally, many of these competitors also have greater name recognition, longer operating histori",9,9,universally_retrieved
18,b5fbbdada1a0,Competition Lotus Technology faces competition from both traditional luxury automotive developers an,9,9,universally_retrieved
19,1ac06946428a,"To help engage the next generation of Lotus colleagues, Lotus Technology leverages its unique global",9,9,universally_retrieved
19,1dfe2452f016,Invest in brand equity and fully transform the brand. Leveraging Lotus Technology's brand racing her,9,9,universally_retrieved
19,2af3bfd0a3ea,Lotus Technology believes it benefits from a number of competitive advantages: Early mover in the lu,9,9,universally_retrieved
19,3c77821175d0,"Lotus Technology intends to continuously develop and enhance proprietary cutting-edge technologies, ",9,9,universally_retrieved
19,5aa546d51ea0,Lotus Technology plans to launch a well-balanced portfolio of new models with exceptional performanc,9,9,universally_retrieved
19,9c6960b4f6c6,"The Lotus brand is closely associated with “customer engagement” and “community building,” and in or",9,9,universally_retrieved
19,f1482deadf87,Lotus Technology is well positioned to capitalize on the growth momentum of the global luxury batter,9,9,universally_retrieved
19,f997157fd90d,Lotus Technology is in the process of transforming from a British sports car company to a global pio,9,9,universally_retrieved
20,30bb56a15ac2,"[Table Level]
- Table Title: Key Preliminary Financial Results for the First Nine Months Ended Septe",9,9,universally_retrieved
20,81fe43ca23bb,"Over 7,600 vehicles were delivered in the first nine months of 2024, a year-on-year increase of 136%",9,9,universally_retrieved
20,8aefde03952f,"New York – Oct 17, 2024 – Lotus Technology Inc. (“Lotus” or the “Company”), a leading global intelli",9,9,universally_retrieved
20,eb8533fe38a9,"In the first nine months of 2024, Lotus delivered over 7,600 vehicles, marking a 136% increase compa",9,9,universally_retrieved
20,f310996246ee,"In the first nine months of 2024, Lotus Technology achieved total deliveries of 7,617 units, represe",9,9,universally_retrieved
21,20a6df2e1d5a,"""Lotus Technology continued to deliver strong operational growth, with total deliveries of 7,617 uni",9,9,universally_retrieved
21,630aa3a75f54,"In the first nine months of 2024, Lotus delivered 7,617 vehicles, which marks a 136% increase from t",9,9,universally_retrieved
21,7a1b0ade55fb,Deliveries of lifestyle vehicles saw a remarkable 126% year-on-year increase in the first nine month,9,9,universally_retrieved
21,81fe43ca23bb,"Over 7,600 vehicles were delivered in the first nine months of 2024, a year-on-year increase of 136%",9,9,universally_retrieved
21,c710955c6dfa,"[Table Level]
- Table Title: Sales Figures by Vehicle Type
- Table Summary: The table provides sales",1,9,conditional
21,cf708354b4ef,"Lotus achieved a 136% year-on-year increase in deliveries, maintaining its position as a top-perform",9,9,universally_retrieved
21,eb8533fe38a9,"In the first nine months of 2024, Lotus delivered over 7,600 vehicles, marking a 136% increase compa",9,9,universally_retrieved
21,f310996246ee,"In the first nine months of 2024, Lotus Technology achieved total deliveries of 7,617 units, represe",9,9,universally_retrieved
21,fa6b30d6d953,"[Table Level]
- Table Title: Regional Performance Overview for January to September 2024 and 2023
- ",4,9,conditional
22,630aa3a75f54,"In the first nine months of 2024, Lotus delivered 7,617 vehicles, which marks a 136% increase from t",9,9,universally_retrieved
22,c710955c6dfa,"[Table Level]
- Table Title: Sales Figures by Vehicle Type
- Table Summary: The table provides sales",3,9,conditional
22,eb1388feb4c2,"[Table Level]
- Table Title: Deliveries by Model Type in the Third Quarter of 2024
- Table Summary: ",6,9,conditional
22,eb8533fe38a9,"In the first nine months of 2024, Lotus delivered over 7,600 vehicles, marking a 136% increase compa",9,9,universally_retrieved
22,fa6b30d6d953,"[Table Level]
- Table Title: Regional Performance Overview for January to September 2024 and 2023
- ",2,9,conditional
23,285689ddf1e3,"● Total deliveries for the third quarter of 2024 were 2,744 units, a 54% year-over-year increase.  
",3,9,conditional
23,630aa3a75f54,"In the first nine months of 2024, Lotus delivered 7,617 vehicles, which marks a 136% increase from t",9,9,universally_retrieved
23,86a606768adb,How was Lotus Technology's performance in the first half of the year? Total revenue for the first ha,9,9,universally_retrieved
23,eb1388feb4c2,"[Table Level]
- Table Title: Deliveries by Model Type in the Third Quarter of 2024
- Table Summary: ",4,9,conditional
23,eb8533fe38a9,"In the first nine months of 2024, Lotus delivered over 7,600 vehicles, marking a 136% increase compa",9,9,universally_retrieved
24,000f55493eb0,"For the three months ended September 30, 2024, Lotus reported revenue of $254.7 million, compared to",9,9,universally_retrieved
24,026c1e234dee,"[Table Level]
- Table Title: Lotus Technology Inc. Financial Performance for the Nine Months Ended S",9,9,universally_retrieved
24,15b929f9d0c5,"[Table Level]
- Table Title: Lotus Technology Inc. Unaudited Condensed Consolidated Statements of Co",5,9,conditional
24,20a6df2e1d5a,"""Lotus Technology continued to deliver strong operational growth, with total deliveries of 7,617 uni",9,9,universally_retrieved
24,3396825993e6,"[Table Level]
- Table Title: Lotus Technology Inc. Unaudited Condensed Consolidated Statements of Co",4,9,conditional
24,369f3a594453,"""While the gross margin for the first nine months of 2024 was 9%, shrinking 2 percentage points comp",9,9,universally_retrieved
24,5580dd4054da,"Gross profit fell drastically to $8 million from $28 million, leading to a gross profit margin of 3%",3,9,conditional
24,5ab7a14ba578,"[Table Level]
- Table Title: Capitalization as of June 30, 2024
- Table Summary: The table provides ",0,9,universally_missed
24,6dcc0afa2948,"In the first nine months of 2024, Lotus achieved a 105% year-on-year increase in topline growth, att",9,9,universally_retrieved
24,70cbb409a92a,"[Table Level]
- Table Title: Financial Performance Summary
- Table Summary: The table provides a com",3,9,conditional
24,75b8129e23a1,"[Table Level]
- Table Title: Selected Consolidated and Combined Financial Data
- Table Summary: The ",9,9,universally_retrieved
24,82f5d5769ef6,"[Table Level]
- Table Title: Parent Company Condensed Statements of Comprehensive Loss
- Table Summa",5,9,conditional
24,86a606768adb,How was Lotus Technology's performance in the first half of the year? Total revenue for the first ha,9,9,universally_retrieved
24,8d7c5101f13e,"[Table Level]
- Table Title: Gross Profit and Gross Margin Overview
- Table Summary: The table prese",6,9,conditional
24,a28987a1894e,"For the nine months ended September 30, 2024, Lotus reported a revenue of $652,823,000, a significan",9,9,universally_retrieved
24,b80a7bedd7e2,The following tables present Lotus Technology's selected consolidated and combined financial data. L,3,9,conditional
24,d4e5e972cc81,"[Table Level]
- Table Title: Lotus Technology Inc. Unaudited Condensed Consolidated Statements of Co",8,9,conditional
24,d82d19b3c4cd,"As a result of the foregoing, Lotus Technology's gross profits increased from US$6.1 million for the",9,9,universally_retrieved
24,f28fddad538b,Lotus Technology's historical results for any prior period are not necessarily indicative of results,3,9,conditional
25,20a6df2e1d5a,"""Lotus Technology continued to deliver strong operational growth, with total deliveries of 7,617 uni",9,9,universally_retrieved
25,3195d6c089d3,"What is Lotus Technology's future guidance?Lotus Technology's annual delivery target is 12,000 units",9,9,universally_retrieved
25,630aa3a75f54,"In the first nine months of 2024, Lotus delivered 7,617 vehicles, which marks a 136% increase from t",4,9,conditional
25,636278f53b61,Lotus Technology may not generate sufficient revenues and may incur substantial losses for a number ,0,9,universally_missed
25,7a1b0ade55fb,Deliveries of lifestyle vehicles saw a remarkable 126% year-on-year increase in the first nine month,1,9,conditional
25,7dadabf763ee,"This prospective financial information incorporates certain financial and operational assumptions, i",0,9,universally_missed
25,81fe43ca23bb,"Over 7,600 vehicles were delivered in the first nine months of 2024, a year-on-year increase of 136%",9,9,universally_retrieved
25,853208c32730,"Specifically, the results forecast is based on projected purchase prices, unit costs for materials, ",0,9,universally_missed
25,86a606768adb,How was Lotus Technology's performance in the first half of the year? Total revenue for the first ha,9,9,universally_retrieved
25,8e946e3e6fb8,"However, the assumptions that underlie the prospective financial information are preliminary, and th",0,9,universally_missed
25,bf09594c9548,"New York – November 12, 2024 – Lotus Technology Inc. (“Lotus” or the “Company”), a leading global in",9,9,universally_retrieved
25,dc5da2e50626,What is the reason for the company's sales forecast adjustment?Based on Lotus Technology's prudent a,0,9,universally_missed
25,e105757d714b,● the overall economy's strength and stability globally and in jurisdictions where Lotus Technology ,2,9,conditional
25,eb8533fe38a9,"In the first nine months of 2024, Lotus delivered over 7,600 vehicles, marking a 136% increase compa",4,9,conditional
25,f310996246ee,"In the first nine months of 2024, Lotus Technology achieved total deliveries of 7,617 units, represe",0,9,universally_missed
26,1ce40519e3d9,"Lotus Technology's success depends on its ability to attract, motivate, train, and retain qualified ",9,9,universally_retrieved
26,1ea8704b1410,Lotus Technology's ability to execute effective marketing and attract orders Lotus Technology's resu,9,9,universally_retrieved
26,2f32322f1234,These competitors also compete with Lotus Technology in recruiting and retaining qualified research ,2,9,conditional
26,764dfe145c13,"Lotus Technology has established offices in various cities in China and Europe. As of June 30, 2024,",3,9,conditional
26,81fe43ca23bb,"Over 7,600 vehicles were delivered in the first nine months of 2024, a year-on-year increase of 136%",9,9,universally_retrieved
26,8fcf3beedbac,In the event that Lotus Technology decides to terminate some of its employees or otherwise change it,3,9,conditional
26,a4ed3b2c2311,"Guided by Lotus Technology's R&D leaders, the global research and development team has extensive exp",9,9,universally_retrieved
26,b786065d0a52,"In 2023 and the six months ended June 30, 2024, Lotus Technology delivered a total of 6,970 and 4,87",9,9,universally_retrieved
26,be11454aba0c,"● brand recognition, prestige, and heritage; ● design, styling, and luxury; ● technological innovati",1,9,conditional
26,bf09594c9548,"New York – November 12, 2024 – Lotus Technology Inc. (“Lotus” or the “Company”), a leading global in",9,9,universally_retrieved
26,cc2c0661eb4c,"[Table Level]
- Table Title: Employee Allocation by Function
- Table Summary: The table shows the di",9,9,universally_retrieved
26,faec19ce782c,"[Table Level]
- Table Title: Employee Distribution by Function as of December 31, 2023
- Table Summa",9,9,universally_retrieved
27,119d6506ad3f,The vehicle delivery numbers presented above are derived from reports submitted by Lotus Technology ,3,9,conditional
27,20a6df2e1d5a,"""Lotus Technology continued to deliver strong operational growth, with total deliveries of 7,617 uni",9,9,universally_retrieved
27,8aefde03952f,"New York – Oct 17, 2024 – Lotus Technology Inc. (“Lotus” or the “Company”), a leading global intelli",5,9,conditional
27,8ea76caba060,The following summarizes Lotus Technology's Group revenues by geographic areas (based on the locatio,3,9,conditional
27,bf09594c9548,"New York – November 12, 2024 – Lotus Technology Inc. (“Lotus” or the “Company”), a leading global in",9,9,universally_retrieved
27,d007daea4f0e,"How is the company's overseas expansion situation?As a legendary brand with a history of 76 years, L",7,9,conditional
27,e2a40eddcaab,Why is the sales volume in China low?China is a new market for Lotus. In the first half of this year,9,9,universally_retrieved
27,e98b50d8f0b3,Research and development expenses. Lotus Technology's research and development expenses increased by,4,9,conditional
27,f310996246ee,"In the first nine months of 2024, Lotus Technology achieved total deliveries of 7,617 units, represe",7,9,conditional
28,10fbf70597bf,Lotus Technology and Lotus UK have entered into a Distribution Agreement pursuant to which a subsidi,9,9,universally_retrieved
28,7a1b0ade55fb,Deliveries of lifestyle vehicles saw a remarkable 126% year-on-year increase in the first nine month,9,9,universally_retrieved
28,8ea76caba060,The following summarizes Lotus Technology's Group revenues by geographic areas (based on the locatio,3,9,conditional
28,bf09594c9548,"New York – November 12, 2024 – Lotus Technology Inc. (“Lotus” or the “Company”), a leading global in",9,9,universally_retrieved
28,d007daea4f0e,"How is the company's overseas expansion situation?As a legendary brand with a history of 76 years, L",9,9,universally_retrieved
29,239e1b5b5e71,Lotus Technology's total revenues increased by US$268.1 million from US$130.0 million for the six mo,9,9,universally_retrieved
29,2dbf5f753745,"As of June 30, 2024, Lotus Technology had 207 stores in its global distribution network, and it plan",9,9,universally_retrieved
29,7a1b0ade55fb,Deliveries of lifestyle vehicles saw a remarkable 126% year-on-year increase in the first nine month,8,9,conditional
29,81fe43ca23bb,"Over 7,600 vehicles were delivered in the first nine months of 2024, a year-on-year increase of 136%",8,9,conditional
29,b786065d0a52,"In 2023 and the six months ended June 30, 2024, Lotus Technology delivered a total of 6,970 and 4,87",9,9,universally_retrieved
29,c710955c6dfa,"[Table Level]
- Table Title: Sales Figures by Vehicle Type
- Table Summary: The table provides sales",8,9,conditional
29,e290f46e7202,"In 2023, Lotus Technology delivered a total of 6,970 vehicles, consisting of lifestyle vehicles and ",9,9,universally_retrieved
29,eb1388feb4c2,"[Table Level]
- Table Title: Deliveries by Model Type in the Third Quarter of 2024
- Table Summary: ",3,9,conditional
30,2711a0de5abc,The Group’s revenues are disaggregated by product and service lines as follows:,3,9,conditional
30,2dbf5f753745,"As of June 30, 2024, Lotus Technology had 207 stores in its global distribution network, and it plan",9,9,universally_retrieved
30,5cfbb87d6a71,"[Table Level]
- Table Title: Revenues Disaggregated by Product and Service Lines for Six Months Ende",3,9,conditional
30,7ad984fa3c5d,"For more detailed information, see “Risk Factors   —   Risks Relating to Doing Business in China   —",9,9,universally_retrieved
30,81fe43ca23bb,"Over 7,600 vehicles were delivered in the first nine months of 2024, a year-on-year increase of 136%",9,9,universally_retrieved
30,86a606768adb,How was Lotus Technology's performance in the first half of the year? Total revenue for the first ha,9,9,universally_retrieved
30,8aefde03952f,"New York – Oct 17, 2024 – Lotus Technology Inc. (“Lotus” or the “Company”), a leading global intelli",9,9,universally_retrieved
30,8cc5a3bfcf52,"● Delivery  
Updates: Lotus delivered a total of 8,631 vehicles in the first 10 months of 2024.  
● ",9,9,universally_retrieved
30,966077867feb,Lotus achieved significant operational efficiency in 2024 by reducing operating expenses for four co,9,9,universally_retrieved
30,bf09594c9548,"New York – November 12, 2024 – Lotus Technology Inc. (“Lotus” or the “Company”), a leading global in",9,9,universally_retrieved
30,da57e874b4e7,"The strategy focuses on six key fields: Nature Positive, Climate Neutrality, Sustainable Supply Chai",9,9,universally_retrieved
31,0cd94cc21ba4,"Launched in 2021 with an average MSRP higher than US$85,000, the Emira is built on a new Lotus sport",4,9,conditional
31,266f421d7612,"Launched in 2021, the Emira is built on a new Lotus sports car architecture. The Emira utilizes the ",5,9,conditional
31,2e995c7a2dbe,Type 134 is a D-segment battery electric vehicle (BEV) SUV planned for launch in 2025. With an avera,4,9,conditional
31,577f768da348,"Powered by Lotus Technology's high-power dual motor, Emeya can deliver an acceleration from zero to ",4,9,conditional
31,7802c2e20c9f,The Vision80 strategy is dedicated to reviving the Lotus brand globally by focusing on customer sati,3,9,conditional
31,86a606768adb,How was Lotus Technology's performance in the first half of the year? Total revenue for the first ha,9,9,universally_retrieved
31,a854bf22bf23,"Launched in 2019 with an average MSRP exceeding US\$2.2 million, the Evija, the world’s first pure e",3,9,conditional
31,ae656a8c5ba0,The company expects to capture market share and realize first mover advantages by addressing unfille,5,9,conditional
31,b1c4820fdc00,"Lotus Technology offers three different versions of Eletre, namely, Eletre, Eletre S, and Eletre R, ",5,9,conditional
31,cf708354b4ef,"Lotus achieved a 136% year-on-year increase in deliveries, maintaining its position as a top-perform",9,9,universally_retrieved
31,f7f7022e3695,Type 135 is a battery electric vehicle (BEV) sports car planned for launch in 2026. With an average ,6,9,conditional
32,47d0b72d0e1d,"In the first ten months of 2024, Lotus delivered a total of 8,631 vehicles, making significant inroa",9,9,universally_retrieved
32,81383ca5311a,"Lotus Technology has started deliveries of the Eletre to new markets, including the Gulf Cooperation",9,9,universally_retrieved
32,8aefde03952f,"New York – Oct 17, 2024 – Lotus Technology Inc. (“Lotus” or the “Company”), a leading global intelli",9,9,universally_retrieved
32,bf09594c9548,"New York – November 12, 2024 – Lotus Technology Inc. (“Lotus” or the “Company”), a leading global in",9,9,universally_retrieved
32,da4dc548da21,Lotus Technology launched the Eletre in 2022 and commenced deliveries of the Eletre in China and Eur,9,9,universally_retrieved
32,f310996246ee,"In the first nine months of 2024, Lotus Technology achieved total deliveries of 7,617 units, represe",9,9,universally_retrieved
33,12cb11cf61f2,"Being at the forefront of electrification and decarbonization, Lotus Group leads the electrification",9,9,universally_retrieved
33,1ac06946428a,"To help engage the next generation of Lotus colleagues, Lotus Technology leverages its unique global",9,9,universally_retrieved
33,1d80ca69c604,"Through the plant's automated system, the manufacturing process parameters and parts information are",9,9,universally_retrieved
33,82ee202e8360,"Lotus Technology Inc. has operations across the UK, the EU, and China. The company is dedicated to d",5,9,conditional
33,85d36f46facf,Carbon-neutral sustainable development. Lotus Technology plans to achieve its goal of becoming a car,9,9,universally_retrieved
33,9091430f1db5,"Guided by the same principle of the Lotus brand and in collaboration with Lotus UK, the new Environm",9,9,universally_retrieved
33,966077867feb,Lotus achieved significant operational efficiency in 2024 by reducing operating expenses for four co,9,9,universally_retrieved
33,c240af24108f,Lotus Technology has worked with Geely Holding to carry out a series of energy-saving and emission r,8,9,conditional
33,c489694c07b3,The driving change commitment includes significant reduction in carbon emissions throughout the busi,9,9,universally_retrieved
33,d705940de0fc,"For parts requiring special designs, Lotus Technology reviews design proposals and chooses largely b",4,9,conditional
33,da57e874b4e7,"The strategy focuses on six key fields: Nature Positive, Climate Neutrality, Sustainable Supply Chai",9,9,universally_retrieved
34,0839626b2807,● Pioneering 800-volt architecture. Lotus Technology has launched an 800-volt electric platform by d,4,9,conditional
34,259290a42ef2,"Lotus Technology has integrated these hardware, software, and cloud capabilities to develop a full s",9,9,universally_retrieved
34,3230634a0e5c,"Customers can experience driving activities such as racing, drifting, and off-roading on the track, ",9,9,universally_retrieved
34,4dc37b51e3c5,● Intelligent driving hardware. Lotus Technology has invested significant resources into the develop,9,9,universally_retrieved
34,91f43ca280a1,"Since its inception, Team Lotus has won multiple Formula 1 championships, including 6 “FIA Formula 1",9,9,universally_retrieved
34,a472e2008e79,"On top of these functions, Lotus Technology is developing end-to-end solutions for scenarios such as",9,9,universally_retrieved
34,a4ed3b2c2311,"Guided by Lotus Technology's R&D leaders, the global research and development team has extensive exp",9,9,universally_retrieved
34,af669a9f924d,Lotus Technology's intelligent driving research and development team has developed key intelligent d,9,9,universally_retrieved
34,bf09594c9548,"New York – November 12, 2024 – Lotus Technology Inc. (“Lotus” or the “Company”), a leading global in",9,9,universally_retrieved
34,d52ee79e5f4f,Lotus Intelligent Driving research and development commenced as early as 2018. Lotus Technology is c,9,9,universally_retrieved
34,da8933a41443,title: 4. Can you introduce the situation of the company recently disclosing to multiple automakers ,8,9,conditional
34,f3f37e443806,"In addition, the Eletre and Emeya models are powered and supported by dual NVIDIA DRIVE Orin chips w",5,9,conditional
35,20a6df2e1d5a,"""Lotus Technology continued to deliver strong operational growth, with total deliveries of 7,617 uni",9,9,universally_retrieved
35,81fe43ca23bb,"Over 7,600 vehicles were delivered in the first nine months of 2024, a year-on-year increase of 136%",9,9,universally_retrieved
35,aa581b973b64,"Lotus Robotics, the company’s intelligent driving division, has recently entered into an agreement w",9,9,universally_retrieved
35,cf708354b4ef,"Lotus achieved a 136% year-on-year increase in deliveries, maintaining its position as a top-perform",9,9,universally_retrieved
35,eb8533fe38a9,"In the first nine months of 2024, Lotus delivered over 7,600 vehicles, marking a 136% increase compa",9,9,universally_retrieved
36,47d0b72d0e1d,"In the first ten months of 2024, Lotus delivered a total of 8,631 vehicles, making significant inroa",9,9,universally_retrieved
36,8cc5a3bfcf52,"● Delivery  
Updates: Lotus delivered a total of 8,631 vehicles in the first 10 months of 2024.  
● ",9,9,universally_retrieved
36,a472e2008e79,"On top of these functions, Lotus Technology is developing end-to-end solutions for scenarios such as",9,9,universally_retrieved
36,bf09594c9548,"New York – November 12, 2024 – Lotus Technology Inc. (“Lotus” or the “Company”), a leading global in",9,9,universally_retrieved
36,da8933a41443,title: 4. Can you introduce the situation of the company recently disclosing to multiple automakers ,9,9,universally_retrieved
37,1353b0b15778,The Lotus WIN26 Plan targets positive operating cash flow and EBITDA in 2026 to enhance profitabilit,9,9,universally_retrieved
37,1ac06946428a,"To help engage the next generation of Lotus colleagues, Lotus Technology leverages its unique global",9,9,universally_retrieved
37,3195d6c089d3,"What is Lotus Technology's future guidance?Lotus Technology's annual delivery target is 12,000 units",9,9,universally_retrieved
37,5aa546d51ea0,Lotus Technology plans to launch a well-balanced portfolio of new models with exceptional performanc,9,9,universally_retrieved
37,7802c2e20c9f,The Vision80 strategy is dedicated to reviving the Lotus brand globally by focusing on customer sati,9,9,universally_retrieved
38,81fe43ca23bb,"Over 7,600 vehicles were delivered in the first nine months of 2024, a year-on-year increase of 136%",9,9,universally_retrieved
38,86a606768adb,How was Lotus Technology's performance in the first half of the year? Total revenue for the first ha,9,9,universally_retrieved
38,8aefde03952f,"New York – Oct 17, 2024 – Lotus Technology Inc. (“Lotus” or the “Company”), a leading global intelli",9,9,universally_retrieved
38,bf09594c9548,"New York – November 12, 2024 – Lotus Technology Inc. (“Lotus” or the “Company”), a leading global in",9,9,universally_retrieved
38,c710955c6dfa,"[Table Level]
- Table Title: Sales Figures by Vehicle Type
- Table Summary: The table provides sales",4,9,conditional
39,20a6df2e1d5a,"""Lotus Technology continued to deliver strong operational growth, with total deliveries of 7,617 uni",9,9,universally_retrieved
39,50dd16befd2c,"In the first nine months of 2024, Lotus Robotics reported a revenue of $19 million, which represents",9,9,universally_retrieved
39,7a1b0ade55fb,Deliveries of lifestyle vehicles saw a remarkable 126% year-on-year increase in the first nine month,9,9,universally_retrieved
39,e2a40eddcaab,Why is the sales volume in China low?China is a new market for Lotus. In the first half of this year,9,9,universally_retrieved
39,f310996246ee,"In the first nine months of 2024, Lotus Technology achieved total deliveries of 7,617 units, represe",9,9,universally_retrieved
40,77c50188501b,"Lotus Technology is a luxury battery electric vehicle (BEV) manufacturer that designs, develops, and",9,9,universally_retrieved
40,81383ca5311a,"Lotus Technology has started deliveries of the Eletre to new markets, including the Gulf Cooperation",9,9,universally_retrieved
40,b1c4820fdc00,"Lotus Technology offers three different versions of Eletre, namely, Eletre, Eletre S, and Eletre R, ",9,9,universally_retrieved
40,b6b30dccf28b,"The global luxury battery electric vehicle (BEV) market, as defined by BEVs with a manufacturer's su",9,9,universally_retrieved
40,d007daea4f0e,"How is the company's overseas expansion situation?As a legendary brand with a history of 76 years, L",9,9,universally_retrieved
41,04537c71b451,"See “Prospectus Summary   —   Implications of Being a Foreign Private Issuer.” In addition, as of th",9,9,universally_retrieved
41,229399472939,Lotus Technology is an exempted company incorporated in the Cayman Islands and listed on Nasdaq as a,9,9,universally_retrieved
41,8a48e92ae3f0,"As of the date of this prospectus, Mr. Shufu Li indirectly owns more than 50% of the aggregate votin",9,9,universally_retrieved
41,9a934dad3c27,路特斯科技与吉利汽车的关系：（1）吉利汽车（Geely Auto）和路特斯科技（Lotus Technology）属于同一实际控制人。吉利汽车（Geely Auto）约75%的股份由李书福最终实际控制,9,9,universally_retrieved
41,a537ff2e8d87,"[Table Level]
- Table Title: Directors and Executive Officers
- Table Summary: This table presents i",9,9,universally_retrieved
42,229399472939,Lotus Technology is an exempted company incorporated in the Cayman Islands and listed on Nasdaq as a,9,9,universally_retrieved
42,4c02c99ded21,Lotus Technology is an exempted company limited by shares incorporated in 2021 under the laws of the,9,9,universally_retrieved
42,adea3ae2ced2,"Lotus Technology Inc. (“the Company”), an exempted company with limited liability, was incorporated ",9,9,universally_retrieved
42,aed11d947151,Many members of Lotus Technology's management team will have limited experience managing a publicly ,2,9,conditional
42,d97de0366f62,and ● the selective disclosure rules by issuers of material nonpublic information under Regulation F,9,9,universally_retrieved
43,1692eb51aff4,"333-275001) filed with the SEC on November 15, 2023)  
10.8 Put Option Agreement, dated January 31, ",2,9,conditional
43,187d78c479c6,The equity interests of Lotus Tech UK and Lotus GmbH were transferred to Lotus Technology Corporatio,8,9,conditional
43,229399472939,Lotus Technology is an exempted company incorporated in the Cayman Islands and listed on Nasdaq as a,8,9,conditional
43,324bfab8b3f6,This prospectus supplement updates and supplements the information in the Prospectus and is not comp,9,9,universally_retrieved
43,3a7ace62d2eb,"Lotus Technology Inc. has 15,037,030 American Depositary Shares underlying warrants, 680,957,495 Ame",8,9,conditional
43,b0062e1d6e67,Lotus Technology Inc. has acted as Cayman Islands legal advisers to Lotus Technology Inc. (the “Comp,6,9,conditional
43,b04f144c6461,This prospectus supplement updates and supplements the information in the Prospectus and is not comp,9,9,universally_retrieved
43,cdc65088c727,Lotus Technology's ADSs and Warrants are currently listed on Nasdaq under the symbols “LOT” and “LOT,9,9,universally_retrieved
43,d97de0366f62,and ● the selective disclosure rules by issuers of material nonpublic information under Regulation F,0,9,universally_missed
43,fbcd8da85f71,"● this prospectus, in final form, shall have been filed with the SEC under the Securities Act, and a",5,9,conditional
44,427f57b1c319,Lotus Group believes its commitment to sustainability will resonate with customers who share the sam,9,9,universally_retrieved
44,61dd30e391ac,"[Table Level]
- Table Title: Directors and Executive Officers
- Table Summary: The table lists the d",6,9,conditional
44,80f83eaedca7,"[Table Level]
- Table Title: Signatures of Lotus Technology Inc. Key Personnel
- Table Summary: This",4,9,conditional
44,a537ff2e8d87,"[Table Level]
- Table Title: Directors and Executive Officers
- Table Summary: This table presents i",8,9,conditional
44,cb08c7874e4c,"Lotus Group has a pioneering, tech-forward, and design-led management team with expertise in automot",9,9,universally_retrieved
45,427f57b1c319,Lotus Group believes its commitment to sustainability will resonate with customers who share the sam,9,9,universally_retrieved
45,45ad9cb2beaf,"● meeting separately and periodically with management and the independent auditors; and  
● monitori",9,9,universally_retrieved
45,61dd30e391ac,"[Table Level]
- Table Title: Directors and Executive Officers
- Table Summary: The table lists the d",9,9,universally_retrieved
45,cb08c7874e4c,"Lotus Group has a pioneering, tech-forward, and design-led management team with expertise in automot",9,9,universally_retrieved
45,fbf2f4aff92f,Alexious Kuen Long Lee has served as the chief financial officer of Lotus Technology since its incep,9,9,universally_retrieved
46,0861ad019af4,"In addition to the fully digitalized online retail model supported by the Lotus App, Lotus Technolog",9,9,universally_retrieved
46,10fbf70597bf,Lotus Technology and Lotus UK have entered into a Distribution Agreement pursuant to which a subsidi,9,9,universally_retrieved
46,2dbf5f753745,"As of June 30, 2024, Lotus Technology had 207 stores in its global distribution network, and it plan",9,9,universally_retrieved
46,352631429431,"As such, Lotus Technology has established a Global Commercial Platform to distribute Lotus branded v",9,9,universally_retrieved
46,3dbb40cd316a,Lotus Technology's ability to successfully operate its Global Commercial Platform will affect its ab,9,9,universally_retrieved
46,4b88714ae3c9,Lotus Technology and Lotus UK have entered into the Distribution Agreement pursuant to which a subsi,9,9,universally_retrieved
46,72cb35619d0b,"By building upon Lotus Technology's iconic sports car reputation, along with the ambition to invest ",9,9,universally_retrieved
46,7a1b0ade55fb,Deliveries of lifestyle vehicles saw a remarkable 126% year-on-year increase in the first nine month,3,9,conditional
46,9c6960b4f6c6,"The Lotus brand is closely associated with “customer engagement” and “community building,” and in or",9,9,universally_retrieved
46,ac4ceb1766dc,Lotus UK has developed a Global Commercial Platform for the sales and distribution of its vehicles a,9,9,universally_retrieved
46,b0a0e60341a9,The Distribution Agreement also provides that each year Lotus Technology and Lotus UK will prepare b,4,9,conditional
46,c6f28c73528a,"In particular, in China, Lotus Technology's vehicles are sold either directly to users (rather than ",9,9,universally_retrieved
46,d007daea4f0e,"How is the company's overseas expansion situation?As a legendary brand with a history of 76 years, L",9,9,universally_retrieved
46,d82602abc297,"Lotus has achieved a global milestone with over 100,000 registered drivers participating in events w",9,9,universally_retrieved
46,e290f46e7202,"In 2023, Lotus Technology delivered a total of 6,970 vehicles, consisting of lifestyle vehicles and ",5,9,conditional
46,f6a48a27b77c,"In addition to the fully digitalized online retail model supported by the Lotus App, Lotus Technolog",9,9,universally_retrieved
46,f997157fd90d,Lotus Technology is in the process of transforming from a British sports car company to a global pio,6,9,conditional
47,2076d804fbb0,Lotus Technology is a leading global intelligent and luxury mobility provider that designs and devel,9,9,universally_retrieved
47,72295dd4f1c7,"[Table Level]
- Table Title: Ownership Structure of Shares Outstanding
- Table Summary: This table o",6,9,conditional
47,93f7fb21d104,"On November 11, 2021, Lotus Technology issued 95,990,886 ordinary shares to Lotus Technology Interna",9,9,universally_retrieved
47,9a934dad3c27,路特斯科技与吉利汽车的关系：（1）吉利汽车（Geely Auto）和路特斯科技（Lotus Technology）属于同一实际控制人。吉利汽车（Geely Auto）约75%的股份由李书福最终实际控制,9,9,universally_retrieved
47,eb1993673666,"*[Table Level]
- Table Title: Ownership of Ordinary Shares by Directors, Executive Officers, and 5.0",4,9,conditional
48,3dbb40cd316a,Lotus Technology's ability to successfully operate its Global Commercial Platform will affect its ab,9,9,universally_retrieved
48,418fcebd5c4c,What is the product plan for the future? otus Technology currently has four models on sale: the pure,9,9,universally_retrieved
48,ae656a8c5ba0,The company expects to capture market share and realize first mover advantages by addressing unfille,5,9,conditional
48,e7757881d60c,"As of June 30, 2024, Lotus Technology had 207 stores in its global distribution network. Major vehic",9,9,universally_retrieved
49,10fbf70597bf,Lotus Technology and Lotus UK have entered into a Distribution Agreement pursuant to which a subsidi,9,9,universally_retrieved
49,20a6df2e1d5a,"""Lotus Technology continued to deliver strong operational growth, with total deliveries of 7,617 uni",9,9,universally_retrieved
49,2dbf5f753745,"As of June 30, 2024, Lotus Technology had 207 stores in its global distribution network, and it plan",9,9,universally_retrieved
49,81fe43ca23bb,"Over 7,600 vehicles were delivered in the first nine months of 2024, a year-on-year increase of 136%",9,9,universally_retrieved
49,86a606768adb,How was Lotus Technology's performance in the first half of the year? Total revenue for the first ha,9,9,universally_retrieved
49,b786065d0a52,"In 2023 and the six months ended June 30, 2024, Lotus Technology delivered a total of 6,970 and 4,87",9,9,universally_retrieved
50,266f421d7612,"Launched in 2021, the Emira is built on a new Lotus sports car architecture. The Emira utilizes the ",3,9,conditional
50,86a606768adb,How was Lotus Technology's performance in the first half of the year? Total revenue for the first ha,9,9,universally_retrieved
50,b786065d0a52,"In 2023 and the six months ended June 30, 2024, Lotus Technology delivered a total of 6,970 and 4,87",9,9,universally_retrieved
50,bf09594c9548,"New York – November 12, 2024 – Lotus Technology Inc. (“Lotus” or the “Company”), a leading global in",9,9,universally_retrieved
50,dc5da2e50626,What is the reason for the company's sales forecast adjustment?Based on Lotus Technology's prudent a,9,9,universally_retrieved
51,045fc3b3a330,"Aside from the EPA, Lotus Technology has developed a leading Advanced Driver Assistance System (ADAS",9,9,universally_retrieved
51,04f4ef7eabf3,Lotus Technology believes it benefits from a number of competitive advantages: ● Early mover in the ,9,9,universally_retrieved
51,188d98264fc5,Lotus Technology's vehicles also compete with internal combustion engine (ICE) vehicles as well as n,9,9,universally_retrieved
51,2af3bfd0a3ea,Lotus Technology believes it benefits from a number of competitive advantages: Early mover in the lu,9,9,universally_retrieved
51,2f32322f1234,These competitors also compete with Lotus Technology in recruiting and retaining qualified research ,9,9,universally_retrieved
51,91f43ca280a1,"Since its inception, Team Lotus has won multiple Formula 1 championships, including 6 “FIA Formula 1",6,9,conditional
51,96e84fa065e3,"Additionally, many of these competitors also have greater name recognition, longer operating histori",9,9,universally_retrieved
51,b5fbbdada1a0,Competition Lotus Technology faces competition from both traditional luxury automotive developers an,9,9,universally_retrieved
51,be11454aba0c,"● brand recognition, prestige, and heritage; ● design, styling, and luxury; ● technological innovati",9,9,universally_retrieved
52,04f4ef7eabf3,Lotus Technology believes it benefits from a number of competitive advantages: ● Early mover in the ,2,9,conditional
52,1ac06946428a,"To help engage the next generation of Lotus colleagues, Lotus Technology leverages its unique global",9,9,universally_retrieved
52,1dfe2452f016,Invest in brand equity and fully transform the brand. Leveraging Lotus Technology's brand racing her,9,9,universally_retrieved
52,5aa546d51ea0,Lotus Technology plans to launch a well-balanced portfolio of new models with exceptional performanc,9,9,universally_retrieved
52,9ba296492650,"As a leader in the electrification transformation of the luxury car segment, Lotus Technology has la",9,9,universally_retrieved
52,9c6960b4f6c6,"The Lotus brand is closely associated with “customer engagement” and “community building,” and in or",9,9,universally_retrieved
52,f1482deadf87,Lotus Technology is well positioned to capitalize on the growth momentum of the global luxury batter,9,9,universally_retrieved
52,f997157fd90d,Lotus Technology is in the process of transforming from a British sports car company to a global pio,9,9,universally_retrieved
53,0b4f0e3256aa,"Geely Holding, a global mobility technology group with a proven track record in seeding BEV brands, ",9,9,universally_retrieved
53,2076d804fbb0,Lotus Technology is a leading global intelligent and luxury mobility provider that designs and devel,9,9,universally_retrieved
53,57549c7222f5,"This relationship provides L Catterton with direct access to LVMH’s most senior executives, global c",9,9,universally_retrieved
53,6afbaccda5a9,"Geely Holding, a global mobility technology group with a proven track record in seeding BEV brands, ",9,9,universally_retrieved
53,82ee202e8360,"Lotus Technology Inc. has operations across the UK, the EU, and China. The company is dedicated to d",8,9,conditional
53,adea3ae2ced2,"Lotus Technology Inc. (“the Company”), an exempted company with limited liability, was incorporated ",9,9,universally_retrieved
53,dc8043cba82e,Lotus Technology is a pioneering luxury battery electric vehicle (BEV) maker that designs and develo,9,9,universally_retrieved
54,03b449d766e0,Lotus Technology believes that its close relationship with Geely Holding provides the company with a,9,9,universally_retrieved
54,2076d804fbb0,Lotus Technology is a leading global intelligent and luxury mobility provider that designs and devel,9,9,universally_retrieved
54,65ea2f337b31,Lotus Technology is a leading global intelligent and luxury mobility provider that designs and devel,9,9,universally_retrieved
54,93f7fb21d104,"On November 11, 2021, Lotus Technology issued 95,990,886 ordinary shares to Lotus Technology Interna",3,9,conditional
54,cd96b745002d,The Reorganization consists of transferring the Lotus Battery Electric Vehicle (BEV) business to the,3,9,conditional
54,da7ebf554305,Lotus Technology's global sales digital platform provides a full suite of luxury retailing experienc,9,9,universally_retrieved
54,dc8043cba82e,Lotus Technology is a pioneering luxury battery electric vehicle (BEV) maker that designs and develo,9,9,universally_retrieved
54,ea7e31596d7e,Master Distribution Agreement with Lotus UK Pursuant to the Distribution Agreement entered into by a,9,9,universally_retrieved
55,8cf8b6ece36c,"Lotus Technology Innovative Limited (the “LTIL”), a wholly-owned subsidiary of Lotus Technology Inc.",9,9,universally_retrieved
55,8f27bf91d984,"By: /s/ Alexious Kuen Long Lee  
Name: Alexious Kuen Long Lee  
Title: Director and Chief Financial ",9,9,universally_retrieved
55,ae3168f2220a,Lotus Technology Innovative Limited (hereinafter referred to as the “Transferor”); and Geely UK Limi,9,9,universally_retrieved
55,cfdc69e38410,SALE AND TRANSFER OF THE TRANSFER SHARES / CHANGE OF ARTICLES OF ASSOCIATION / JOINT VENTURE AGREEME,1,9,conditional
55,ee401e556d6c,"[Table Level]
- Table Title: Shareholder Distribution and Capital Allocation
- Table Summary: This t",9,9,universally_retrieved
56,8cf8b6ece36c,"Lotus Technology Innovative Limited (the “LTIL”), a wholly-owned subsidiary of Lotus Technology Inc.",9,9,universally_retrieved
56,8f27bf91d984,"By: /s/ Alexious Kuen Long Lee  
Name: Alexious Kuen Long Lee  
Title: Director and Chief Financial ",7,9,conditional
56,bfd2816c2513,"[Table Level]
- Table Title: Ownership Details of Selling Securityholders
- Table Summary: The table",3,9,conditional
56,cfdc69e38410,SALE AND TRANSFER OF THE TRANSFER SHARES / CHANGE OF ARTICLES OF ASSOCIATION / JOINT VENTURE AGREEME,3,9,conditional
56,ee401e556d6c,"[Table Level]
- Table Title: Shareholder Distribution and Capital Allocation
- Table Summary: This t",4,9,conditional
57,775be02b83c8,"Under the terms of the agreement, Lotus Technology received a non-exclusive, perpetual, irrevocable,",9,9,universally_retrieved
57,8cf8b6ece36c,"Lotus Technology Innovative Limited (the “LTIL”), a wholly-owned subsidiary of Lotus Technology Inc.",9,9,universally_retrieved
57,8f27bf91d984,"By: /s/ Alexious Kuen Long Lee  
Name: Alexious Kuen Long Lee  
Title: Director and Chief Financial ",7,9,conditional
57,ae3168f2220a,Lotus Technology Innovative Limited (hereinafter referred to as the “Transferor”); and Geely UK Limi,9,9,universally_retrieved
57,ee401e556d6c,"[Table Level]
- Table Title: Shareholder Distribution and Capital Allocation
- Table Summary: This t",9,9,universally_retrieved
58,0d271bacde13,"333-275001) filed with the SEC on October 16, 2023)  
10.16 Trademarks License Agreement, dated Nove",3,9,conditional
58,2bc22b72e0b8,"[Table Level]
- Table Title: Exhibit Documents Summary
- Table Summary: This table lists various exh",3,9,conditional
58,46deada266cf,"[Table Level]
- Table Title: Exhibits List and Description
- Table Summary: This table provides a de",4,9,conditional
58,4f66f6d97fc0,"Simultaneously with the closing of the IPO, the Sponsor purchased an aggregate of 5,000,000 Private ",0,9,universally_missed
58,5f89b131c769,The recitals on pages one and two of the Warrant Agreement are hereby deleted and replaced in their ,0,9,universally_missed
58,7ae0903f1651,"[Table Level]
- Table Title: Share Ownership and Offering Details of Westwood Capital Group LLC
- Ta",0,9,universally_missed
58,81e22e359d7e,"30. SUBSEQUENT EVENTS (i) Merger Transaction On February 22, 2024, the Merger Transaction was comple",9,9,universally_retrieved
58,9bdf8cc8d70e,The following selected unaudited pro forma condensed combined financial data is derived from the una,3,9,conditional
58,d58289847b13,The transaction was accounted for as a common control transaction and completed in June 2022. On May,0,9,universally_missed
58,fe8cc1e4a834,"On January 31, 2023, Lotus Group entered into a distribution agreement with LCL, a wholly owned subs",0,9,universally_missed
59,0ae3249c108f,"THIS SUBSCRIPTION AGREEMENT (this “Agreement”), dated November 7, 2024, is entered into by and betwe",9,9,universally_retrieved
59,410901476588,"Bond Subscription Agreement, dated November 7, 2024, by and between Lotus Technology Inc. and Kersha",9,9,universally_retrieved
59,6f3bfe4321f3,"On November 7, 2024, Lotus Technology entered into a bond subscription agreement (the “Bond Subscrip",9,9,universally_retrieved
59,8b87e86312e8,"This Bond was issued under a Subscription Agreement, dated as of [●], 2024 between Lotus Technology ",9,9,universally_retrieved
59,a7ee4c04b2d0,Copies of the Bond Subscription Agreement and the Form of Global Certificate are included in this cu,3,9,conditional
60,0c9b523ee9da,"Many of Lotus Technology's current and potential competitors, particularly international competitors",6,9,conditional
60,0f3dc449f5bb,"The growth of the global luxury car segment is expected to outpace that of the overall car market, g",9,9,universally_retrieved
60,188d98264fc5,Lotus Technology's vehicles also compete with internal combustion engine (ICE) vehicles as well as n,4,9,conditional
60,2add8380f0e1,Lotus Technology believes it benefits from a number of competitive advantages: ● Early mover in the ,9,9,universally_retrieved
60,2dbf5f753745,"As of June 30, 2024, Lotus Technology had 207 stores in its global distribution network, and it plan",8,9,conditional
60,2f32322f1234,These competitors also compete with Lotus Technology in recruiting and retaining qualified research ,8,9,conditional
60,57549c7222f5,"This relationship provides L Catterton with direct access to LVMH’s most senior executives, global c",9,9,universally_retrieved
60,8b93525fa904,The global automotive market is highly competitive and has historically been associated with signifi,9,9,universally_retrieved
60,96e84fa065e3,"Additionally, many of these competitors also have greater name recognition, longer operating histori",4,9,conditional
60,9ba296492650,"As a leader in the electrification transformation of the luxury car segment, Lotus Technology has la",9,9,universally_retrieved
60,9c6960b4f6c6,"The Lotus brand is closely associated with “customer engagement” and “community building,” and in or",9,9,universally_retrieved
60,b5fbbdada1a0,Competition Lotus Technology faces competition from both traditional luxury automotive developers an,8,9,conditional
60,b6b30dccf28b,"The global luxury battery electric vehicle (BEV) market, as defined by BEVs with a manufacturer's su",9,9,universally_retrieved
60,b893f030802d,"However, the global luxury BEV market is currently underserved, with only approximately 10 existing ",9,9,universally_retrieved
60,f997157fd90d,Lotus Technology is in the process of transforming from a British sports car company to a global pio,6,9,conditional
61,1f96548a8722,"Eletre is a luxury lifestyle E-segment SUV powered by Lotus Technology's 800-volt EPA, which is a ne",9,9,universally_retrieved
61,2b193cd70917,"Geely Holding, a global mobility technology group with a proven track record in seeding BEV brands, ",9,9,universally_retrieved
61,43d17929f28b,"As an early mover in the global luxury BEV market, Lotus Technology is leading the electrification t",9,9,universally_retrieved
61,aa9bbadf9891,The company also plans to upgrade its models on an ongoing basis. The Eletre is the first of Lotus T,9,9,universally_retrieved
61,ae656a8c5ba0,The company expects to capture market share and realize first mover advantages by addressing unfille,9,9,universally_retrieved
61,b1c4820fdc00,"Lotus Technology offers three different versions of Eletre, namely, Eletre, Eletre S, and Eletre R, ",9,9,universally_retrieved
61,eb81011d0636,The Eletre and the Eletre S can deliver a top speed of 258 km per hour and an acceleration from zero,9,9,universally_retrieved
62,17ae2d5b7913,Lotus Technology has strategically entered into the sustainable luxury battery electric vehicle (BEV,5,9,conditional
62,2076d804fbb0,Lotus Technology is a leading global intelligent and luxury mobility provider that designs and devel,9,9,universally_retrieved
62,3dbb40cd316a,Lotus Technology's ability to successfully operate its Global Commercial Platform will affect its ab,9,9,universally_retrieved
62,418fcebd5c4c,What is the product plan for the future? otus Technology currently has four models on sale: the pure,2,9,conditional
62,58be8af17af3,"Which remains an intrinsic part of the company's sports car DNA. In this instance, that innovative v",2,9,conditional
62,adea3ae2ced2,"Lotus Technology Inc. (“the Company”), an exempted company with limited liability, was incorporated ",5,9,conditional
62,f7f098c1e95e,The last new internal combustion engine-powered (ICE) vehicle to emerge from Hethel was unveiled by ,5,9,conditional
63,021df580ac6f,(adopted by a Special Resolution dated 16 January 2024 and effective on 22 February 2024) The name o,7,9,conditional
63,03011e664b9f,"The Lotus BEV business, founded in 2018, was carried out by Wuhan Lotus Cars and the Lotus BEV busin",4,9,conditional
63,07632b971ec1,"Lotus Technology Inc. (“the Company”), an exempted company with limited liability, was incorporated ",9,9,universally_retrieved
63,187d78c479c6,The equity interests of Lotus Tech UK and Lotus GmbH were transferred to Lotus Technology Corporatio,9,9,universally_retrieved
63,7327087465a8,"The following diagram illustrates Lotus Technology Corporation's corporate structure, including its ",9,9,universally_retrieved
63,a130568038db,"Section 4.01  
Representations and Warranties of Lotus Technology. Lotus Technology hereby represent",9,9,universally_retrieved
63,b4fd559f4d65,"[Table Level]
- Table Title: Principal Subsidiaries of Lotus Technology Inc.
- Table Summary: This t",9,9,universally_retrieved
63,fd5749e4fa3c,Lotus Technology Company (LTC) was incorporated as an exempted company in accordance with the laws a,9,9,universally_retrieved
63,ff0f755b7ee1,LTC is not an operating company but a Cayman Islands holding company. LTC conducts its operations th,3,9,conditional
64,3f872ebba314,"As mentioned in note 21, on January 31, 2023, Group Lotus Limited entered into a distribution agreem",7,9,conditional
64,55cfb15bd8f3,"During the year ended December 31, 2023, Lotus Technology has implemented the Restructuring to reorg",9,9,universally_retrieved
64,6df0e508fd30,"Prior to May 2023, LTC relied on contractual arrangements among Wuhan Lotus Technology Limited Compa",9,9,universally_retrieved
64,7327087465a8,"The following diagram illustrates Lotus Technology Corporation's corporate structure, including its ",9,9,universally_retrieved
64,8128a840944d,"LTC conducts its operations through its subsidiaries in China and Europe, and its operations in main",9,9,universally_retrieved
64,8c2858535aeb,"Historically, Lotus Technology conducted its value-added telecommunication services operation in the",9,9,universally_retrieved
64,9400bf56f7c5,"Prior to the Restructuring as described in note 1(d), Lotus Technology's subsidiary, WFOE, has enter",9,9,universally_retrieved
64,a1c1afa9c8e2,"In connection with the Restructuring, the Wholly Foreign-Owned Enterprise (WFOE), the former Variabl",9,9,universally_retrieved
64,a71d1239519f,"On November 12, 2021, the former Variable Interest Entity (VIE) and a third party established Ningbo",9,9,universally_retrieved
64,bbd13b75ecef,"As of the date of this prospectus, Lotus Technology's operations in mainland China are conducted by ",8,9,conditional
64,bc2e46b114f9,"Prior to the Restructuring as described in note 1(d), Lotus Technology's subsidiary, WFOE, has enter",9,9,universally_retrieved
64,c2f0f17f5b5f,"In connection with the Restructuring, the WFOE, the VIE, and nominee equity holders of the VIE enter",9,9,universally_retrieved
64,c5ea06e50cf6,"Historically, Lotus Technology Inc. conducted its value-added telecommunication services operation i",9,9,universally_retrieved
64,c81c4619de51,"[Table Level]
- Table Title: Consolidated Financial Information of Variable Interest Entities (VIEs)",3,9,conditional
64,e39119565bd0,Lotus Technology’s involvement with the Variable Interest Entities (VIEs) under the VIE Arrangements,9,9,universally_retrieved
65,119d6506ad3f,The vehicle delivery numbers presented above are derived from reports submitted by Lotus Technology ,7,9,conditional
65,1d163a2ecfb1,"[Table Level]
- Table Title: Vehicle Deliveries by Model Type and Region for 1H 2024
- Table Summary",9,9,universally_retrieved
65,2dbf5f753745,"As of June 30, 2024, Lotus Technology had 207 stores in its global distribution network, and it plan",9,9,universally_retrieved
65,630aa3a75f54,"In the first nine months of 2024, Lotus delivered 7,617 vehicles, which marks a 136% increase from t",9,9,universally_retrieved
65,7a1b0ade55fb,Deliveries of lifestyle vehicles saw a remarkable 126% year-on-year increase in the first nine month,9,9,universally_retrieved
65,81fe43ca23bb,"Over 7,600 vehicles were delivered in the first nine months of 2024, a year-on-year increase of 136%",9,9,universally_retrieved
65,86a606768adb,How was Lotus Technology's performance in the first half of the year? Total revenue for the first ha,9,9,universally_retrieved
65,8aefde03952f,"New York – Oct 17, 2024 – Lotus Technology Inc. (“Lotus” or the “Company”), a leading global intelli",9,9,universally_retrieved
65,b786065d0a52,"In 2023 and the six months ended June 30, 2024, Lotus Technology delivered a total of 6,970 and 4,87",9,9,universally_retrieved
65,c710955c6dfa,"[Table Level]
- Table Title: Sales Figures by Vehicle Type
- Table Summary: The table provides sales",9,9,universally_retrieved
65,eb1388feb4c2,"[Table Level]
- Table Title: Deliveries by Model Type in the Third Quarter of 2024
- Table Summary: ",8,9,conditional
65,eb8533fe38a9,"In the first nine months of 2024, Lotus delivered over 7,600 vehicles, marking a 136% increase compa",9,9,universally_retrieved
65,fa6b30d6d953,"[Table Level]
- Table Title: Regional Performance Overview for January to September 2024 and 2023
- ",7,9,conditional
66,119d6506ad3f,The vehicle delivery numbers presented above are derived from reports submitted by Lotus Technology ,3,9,conditional
66,1d163a2ecfb1,"[Table Level]
- Table Title: Vehicle Deliveries by Model Type and Region for 1H 2024
- Table Summary",9,9,universally_retrieved
66,577f768da348,"Powered by Lotus Technology's high-power dual motor, Emeya can deliver an acceleration from zero to ",3,9,conditional
66,630aa3a75f54,"In the first nine months of 2024, Lotus delivered 7,617 vehicles, which marks a 136% increase from t",9,9,universally_retrieved
66,7a1b0ade55fb,Deliveries of lifestyle vehicles saw a remarkable 126% year-on-year increase in the first nine month,9,9,universally_retrieved
66,7ad984fa3c5d,"For more detailed information, see “Risk Factors   —   Risks Relating to Doing Business in China   —",9,9,universally_retrieved
66,81383ca5311a,"Lotus Technology has started deliveries of the Eletre to new markets, including the Gulf Cooperation",9,9,universally_retrieved
66,81fe43ca23bb,"Over 7,600 vehicles were delivered in the first nine months of 2024, a year-on-year increase of 136%",9,9,universally_retrieved
66,86a606768adb,How was Lotus Technology's performance in the first half of the year? Total revenue for the first ha,9,9,universally_retrieved
66,8aefde03952f,"New York – Oct 17, 2024 – Lotus Technology Inc. (“Lotus” or the “Company”), a leading global intelli",9,9,universally_retrieved
66,bf09594c9548,"New York – November 12, 2024 – Lotus Technology Inc. (“Lotus” or the “Company”), a leading global in",9,9,universally_retrieved
66,d007daea4f0e,"How is the company's overseas expansion situation?As a legendary brand with a history of 76 years, L",3,9,conditional
66,eb8533fe38a9,"In the first nine months of 2024, Lotus delivered over 7,600 vehicles, marking a 136% increase compa",9,9,universally_retrieved
66,f310996246ee,"In the first nine months of 2024, Lotus Technology achieved total deliveries of 7,617 units, represe",9,9,universally_retrieved
66,fa6b30d6d953,"[Table Level]
- Table Title: Regional Performance Overview for January to September 2024 and 2023
- ",9,9,universally_retrieved
67,187d78c479c6,The equity interests of Lotus Tech UK and Lotus GmbH were transferred to Lotus Technology Corporatio,9,9,universally_retrieved
67,2076d804fbb0,Lotus Technology is a leading global intelligent and luxury mobility provider that designs and devel,9,9,universally_retrieved
67,2d4a6be35e7f,"On November 4, 2021, Group Lotus Limited, a wholly owned subsidiary of LGIL, which is ultimately con",9,9,universally_retrieved
67,39b2dee2caa1,Lotus Technology believes that its R&D capability is one of its key competitive strengths. Drawn fro,4,9,conditional
67,64911ed64385,Lotus Technology views the manufacturers and suppliers it collaborates with as key partners througho,4,9,conditional
67,6cfae2634573,"On November 4, 2021, Lotus Technology Inc. entered into trademark license agreements with a related ",9,9,universally_retrieved
67,89cd967f67c8,"Geely Holding, a global mobility technology group with a proven track record in seeding BEV brands, ",4,9,conditional
67,93f7fb21d104,"On November 11, 2021, Lotus Technology issued 95,990,886 ordinary shares to Lotus Technology Interna",9,9,universally_retrieved
67,adea3ae2ced2,"Lotus Technology Inc. (“the Company”), an exempted company with limited liability, was incorporated ",9,9,universally_retrieved
68,000f55493eb0,"For the three months ended September 30, 2024, Lotus reported revenue of $254.7 million, compared to",9,9,universally_retrieved
68,026c1e234dee,"[Table Level]
- Table Title: Lotus Technology Inc. Financial Performance for the Nine Months Ended S",9,9,universally_retrieved
68,02f314b7ca83,"[Table Level]
- Table Title: Financial Performance Overview
- Table Summary: The table presents a de",0,9,universally_missed
68,1353b0b15778,The Lotus WIN26 Plan targets positive operating cash flow and EBITDA in 2026 to enhance profitabilit,3,9,conditional
68,15b929f9d0c5,"[Table Level]
- Table Title: Lotus Technology Inc. Unaudited Condensed Consolidated Statements of Co",5,9,conditional
68,265f21435e6d,"[Table Level]
- Table Title: Lotus Technology Inc. Unaudited Condensed Consolidated Statements of Co",3,9,conditional
68,620d32587458,"[Table Level]
- Table Title: Parent Company Condensed Statements of Comprehensive Loss
- Table Summa",3,9,conditional
68,731bed1e96c0,"If Lotus Technology does not effectively manage its cash and other liquid financial assets, execute ",9,9,universally_retrieved
68,75b8129e23a1,"[Table Level]
- Table Title: Selected Consolidated and Combined Financial Data
- Table Summary: The ",8,9,conditional
68,82f5d5769ef6,"[Table Level]
- Table Title: Parent Company Condensed Statements of Comprehensive Loss
- Table Summa",3,9,conditional
68,a28987a1894e,"For the nine months ended September 30, 2024, Lotus reported a revenue of $652,823,000, a significan",9,9,universally_retrieved
68,c49f126593b2,Lotus Technology has not been profitable since its inception. The company incurred a net loss of US\,9,9,universally_retrieved
68,d4e5e972cc81,"[Table Level]
- Table Title: Lotus Technology Inc. Unaudited Condensed Consolidated Statements of Co",5,9,conditional
68,e291f6da91be,"*[Table Level]
- **Table Title**: Parent Company Condensed Statements of Comprehensive Loss for Lotu",3,9,conditional
68,f8ba79441b99,"[Table Level]
- Table Title: Consolidated and Combined Cash Flows
- Table Summary: The table outline",7,9,conditional
69,3d208a69a1ca,More narrow and specific federal laws apply to the processing or other use or treatment of certain t,9,9,universally_retrieved
69,3e2444230dba,(iii) data handlers’ listing in Hong Kong that affects or may affect national security; (iv) other d,5,9,conditional
69,4192b99c5ec2,Lotus Technology has implemented cybersecurity monitoring capabilities that collect and analyze tele,6,9,conditional
69,4bd2fbf41401,"With that level of complexity and interconnectivity in mind, Lotus Technology is building cybersecur",9,9,universally_retrieved
69,540bc0af0cfe,"Under this scheme, entities operating information systems must conduct a thorough assessment of the ",5,9,conditional
69,7c63bd3880ac,"Furthermore, organizations and individuals must not illegally collect, use, process, or disseminate ",9,9,universally_retrieved
69,85bf25ad0836,Lotus Technology prioritizes the trust of its customers and employees and places great emphasis on s,9,9,universally_retrieved
69,8ed3386ab31e,"In addition, regardless of their veracity, reports of unauthorized access to the vehicles, their sys",9,9,universally_retrieved
69,a78fa37c1cb5,If automobile data handlers collect data from individuals outside the vehicle for the purpose of ens,9,9,universally_retrieved
69,c3f979b87970,"Regulations on Data Protection and Privacy EU Since the entry into force on May 25, 2018, of the Gen",8,9,conditional
69,c4742e09b987,"Additionally, they have enacted and implemented laws and regulations and proposed an additional regu",9,9,universally_retrieved
69,f7c32368f02a,Lotus Technology's strategy accounts for increased risk as the business scales by addressing appropr,9,9,universally_retrieved
70,0ae3249c108f,"THIS SUBSCRIPTION AGREEMENT (this “Agreement”), dated November 7, 2024, is entered into by and betwe",9,9,universally_retrieved
70,19048900adb5,"By: /s/ Alexious Kuen Long Lee  
Name: Alexious Kuen Long Lee  
Title: Director and Chief Financial ",9,9,universally_retrieved
70,410901476588,"Bond Subscription Agreement, dated November 7, 2024, by and between Lotus Technology Inc. and Kersha",9,9,universally_retrieved
70,6f3bfe4321f3,"On November 7, 2024, Lotus Technology entered into a bond subscription agreement (the “Bond Subscrip",9,9,universally_retrieved
70,8b87e86312e8,"This Bond was issued under a Subscription Agreement, dated as of [●], 2024 between Lotus Technology ",9,9,universally_retrieved
71,0ae3249c108f,"THIS SUBSCRIPTION AGREEMENT (this “Agreement”), dated November 7, 2024, is entered into by and betwe",9,9,universally_retrieved
71,24623147799d,"Section 2.01         
Issuance, Sale and Subscription of the Bond. Upon the terms and subject to the",4,9,conditional
71,410901476588,"Bond Subscription Agreement, dated November 7, 2024, by and between Lotus Technology Inc. and Kersha",9,9,universally_retrieved
71,6f3bfe4321f3,"On November 7, 2024, Lotus Technology entered into a bond subscription agreement (the “Bond Subscrip",9,9,universally_retrieved
71,869b42dd980c,"Section 5.01  

Consents and Approvals. The Subscriber shall take all necessary actions to obtain al",3,9,conditional
71,8b87e86312e8,"This Bond was issued under a Subscription Agreement, dated as of [●], 2024 between Lotus Technology ",9,9,universally_retrieved
72,0ae3249c108f,"THIS SUBSCRIPTION AGREEMENT (this “Agreement”), dated November 7, 2024, is entered into by and betwe",9,9,universally_retrieved
72,19048900adb5,"By: /s/ Alexious Kuen Long Lee  
Name: Alexious Kuen Long Lee  
Title: Director and Chief Financial ",9,9,universally_retrieved
72,410901476588,"Bond Subscription Agreement, dated November 7, 2024, by and between Lotus Technology Inc. and Kersha",9,9,universally_retrieved
72,6f3bfe4321f3,"On November 7, 2024, Lotus Technology entered into a bond subscription agreement (the “Bond Subscrip",9,9,universally_retrieved
72,8b87e86312e8,"This Bond was issued under a Subscription Agreement, dated as of [●], 2024 between Lotus Technology ",9,9,universally_retrieved
73,20a6df2e1d5a,"""Lotus Technology continued to deliver strong operational growth, with total deliveries of 7,617 uni",8,9,conditional
73,369f3a594453,"""While the gross margin for the first nine months of 2024 was 9%, shrinking 2 percentage points comp",2,9,conditional
73,630aa3a75f54,"In the first nine months of 2024, Lotus delivered 7,617 vehicles, which marks a 136% increase from t",9,9,universally_retrieved
73,81fe43ca23bb,"Over 7,600 vehicles were delivered in the first nine months of 2024, a year-on-year increase of 136%",9,9,universally_retrieved
73,8cc5a3bfcf52,"● Delivery  
Updates: Lotus delivered a total of 8,631 vehicles in the first 10 months of 2024.  
● ",8,9,conditional
73,bf09594c9548,"New York – November 12, 2024 – Lotus Technology Inc. (“Lotus” or the “Company”), a leading global in",9,9,universally_retrieved
73,c710955c6dfa,"[Table Level]
- Table Title: Sales Figures by Vehicle Type
- Table Summary: The table provides sales",4,9,conditional
73,eb8533fe38a9,"In the first nine months of 2024, Lotus delivered over 7,600 vehicles, marking a 136% increase compa",9,9,universally_retrieved
73,f310996246ee,"In the first nine months of 2024, Lotus Technology achieved total deliveries of 7,617 units, represe",9,9,universally_retrieved
73,fa6b30d6d953,"[Table Level]
- Table Title: Regional Performance Overview for January to September 2024 and 2023
- ",7,9,conditional
74,011c92acf3d5,The Lotus brand was founded in the U.K. in 1948 and has since established itself as a high-performan,7,9,conditional
74,03b449d766e0,Lotus Technology believes that its close relationship with Geely Holding provides the company with a,9,9,universally_retrieved
74,0b4f0e3256aa,"Geely Holding, a global mobility technology group with a proven track record in seeding BEV brands, ",9,9,universally_retrieved
74,0f2159362a26,"Leveraging Geely Holding’s global supply chain, Lotus Group can quickly establish and maintain relat",9,9,universally_retrieved
74,193b7fae13ce,"Leveraging Geely Holding’s readily available production capacity, Lotus Technology believes it can e",9,9,universally_retrieved
74,2076d804fbb0,Lotus Technology is a leading global intelligent and luxury mobility provider that designs and devel,9,9,universally_retrieved
74,20cd53d65a8b,"There is a risk of potential disputes with Geely Holding, and Lotus Technology could be affected by ",9,9,universally_retrieved
74,2b193cd70917,"Geely Holding, a global mobility technology group with a proven track record in seeding BEV brands, ",9,9,universally_retrieved
74,2db696c68114,"Lotus Technology collaborates with a battery electric vehicle (BEV) manufacturing facility in Wuhan,",1,9,conditional
74,2f32322f1234,These competitors also compete with Lotus Technology in recruiting and retaining qualified research ,9,9,universally_retrieved
74,3230634a0e5c,"Customers can experience driving activities such as racing, drifting, and off-roading on the track, ",9,9,universally_retrieved
74,39b2dee2caa1,Lotus Technology believes that its R&D capability is one of its key competitive strengths. Drawn fro,1,9,conditional
74,3d247aa81e45,Lotus Technology also provides Geely Holding with the intellectual properties necessary for vehicle ,9,9,universally_retrieved
74,3e5ed044b3db,"These related party agreements include the Technology License Agreement, the Manufacture Cooperation",9,9,universally_retrieved
74,3f9a7dbcded5,"Aside from the EPA, Lotus Technology has developed a leading Advanced Driver Assistance System (ADAS",9,9,universally_retrieved
74,424395de9e1c,The results of operations depend significantly on Lotus Technology's ability to achieve vehicle deli,5,9,conditional
74,57c6fcac5b95,This summary highlights selected information from this prospectus. It may not contain all of the inf,4,9,conditional
74,64911ed64385,Lotus Technology views the manufacturers and suppliers it collaborates with as key partners througho,9,9,universally_retrieved
74,65ea2f337b31,Lotus Technology is a leading global intelligent and luxury mobility provider that designs and devel,9,9,universally_retrieved
74,691805ed4d45,"The Group’s Lotus BEV business, founded in 2018, was carried out by Zhejiang Geely Holding Group (“G",5,9,conditional
74,6afbaccda5a9,"Geely Holding, a global mobility technology group with a proven track record in seeding BEV brands, ",9,9,universally_retrieved
74,6e95377d66f5,Lotus Technology believes that its close relationship with Geely Holding provides the company with a,9,9,universally_retrieved
74,89cd967f67c8,"Geely Holding, a global mobility technology group with a proven track record in seeding BEV brands, ",9,9,universally_retrieved
74,93438ee5939f,Lotus Technology seeks to partner with reputable suppliers. Lotus Technology leverages the Geely Hol,9,9,universally_retrieved
74,986bc639d219,"By maintaining a strong focus on research and development and innovation, Lotus Group expects to enj",9,9,universally_retrieved
74,9a934dad3c27,路特斯科技与吉利汽车的关系：（1）吉利汽车（Geely Auto）和路特斯科技（Lotus Technology）属于同一实际控制人。吉利汽车（Geely Auto）约75%的股份由李书福最终实际控制,7,9,conditional
74,a8bdf6964f2e,Lotus Technology also provides Geely Holding with the intellectual properties necessary for vehicle ,9,9,universally_retrieved
74,b2ad01117aaf,"Additionally, Lotus Group possesses leading Advanced Driver Assistance Systems (ADAS) technology wit",7,9,conditional
74,b60701d8b163,If competitors introduce new cars or services that successfully compete with or surpass the quality ,8,9,conditional
74,b929652dd784,Such superior design enables Lotus Technology to quickly roll out new models and ramp up production ,6,9,conditional
74,dc8043cba82e,Lotus Technology is a pioneering luxury battery electric vehicle (BEV) maker that designs and develo,9,9,universally_retrieved
74,f4c3606ee9d5,Lotus Technology manufactures all BEV lifestyle models through a contract manufacturing partnership ,9,9,universally_retrieved
